{
	"http://adgitated.com/filters/is.abp.txt": {
		"off": true,
		"title": "ISL: Icelandic ABP List",
		"group": "regions",
		"lang": "is",
		"supportURL": "http://adblock.gardar.net/"
	},
	"http://adgitated.com/filters/block.csv": {
		"off": true,
		"title": "DNK: Schacks Adblock Plus liste",
		"group": "regions",
		"lang": "da",
		"supportURL": "https://henrik.schack.dk/adblock/"
	},
	"http://adgitated.com/filters/filtri.txt": {
		"off": true,
		"title": "ITA: ABP X Files",
		"group": "regions",
		"supportURL": "http://noads.it/"
	},
	"http://adgitated.com/filters/filter-rules.txt": {
		"off": true,
		"title": "RUS: Adguard Russian Filter",
		"group": "regions",
		"supportURL": "http://forum.adguard.com/forumdisplay.php?69-%D0%A4%D0%B8%D0%BB%D1%8C%D1%82%D1%80%D1%8B-Adguard"
	},
	"http://adgitated.com/filters/advblock.txt": {
		"off": true,
		"title": "RUS: RU AdList (Дополнительная региональная подписка)",
		"group": "regions",
		"lang": "ru",
		"supportURL": "https://forums.lanik.us/viewforum.php?f=102"
	},
	"http://adgitated.com/filters/bitblock.txt": {
		"off": true,
		"title": "RUS: BitBlock List (Дополнительная подписка фильтров)",
		"group": "regions",
		"supportURL": "https://forums.lanik.us/viewforum.php?f=102"
	},
	"http://adgitated.com/filters/easylist.txt": {
		"title": "EasyList",
		"group": "ads",
		"homeURL": "https://easylist.to/easylist/easylist.txt",
		"supportURL": "https://forums.lanik.us/"
	},
	"http://adgitated.com/filters/easylist_noelemhide.txt": {
		"off": true,
		"title": "EasyList without element hiding rules",
		"group": "ads",
		"supportURL": "https://forums.lanik.us/"
	},
	"http://adgitated.com/filters/easylistchina.txt": {
		"off": true,
		"title": "CHN: EasyList China (中文)",
		"group": "regions",
		"lang": "zh",
		"supportURL": "http://abpchina.org/forum/forum.php"
	},
	"http://adgitated.com/filters/cjxlist.txt": {
		"off": true,
		"title": "CHN: CJX's EasyList Lite (main focus on Chinese sites)",
		"group": "regions",
		"supportURL": "https://github.com/cjx82630/cjxlist"
	},
	"http://adgitated.com/filters/cjx-annoyance.txt": {
		"off": true,
		"title": "CHN: CJX's Annoyance List",
		"group": "regions",
		"supportURL": "https://github.com/cjx82630/cjxlist"
	},
	"http://adgitated.com/filters/easylistdutch.txt": {
		"off": true,
		"title": "NLD: EasyList Dutch",
		"group": "regions",
		"lang": "nl",
		"supportURL": "https://forums.lanik.us/viewforum.php?f=100"
	},
	"http://adgitated.com/filters/easylistgermany.txt": {
		"off": true,
		"title": "DEU: EasyList Germany",
		"group": "regions",
		"lang": "de",
		"supportURL": "https://forums.lanik.us/viewforum.php?f=90"
	},
	"http://adgitated.com/filters/easylistitaly.txt": {
		"off": true,
		"title": "ITA: EasyList Italy",
		"group": "regions",
		"lang": "it",
		"supportURL": "https://forums.lanik.us/viewforum.php?f=96"
	},
	"http://adgitated.com/filters/easyprivacy.txt": {
		"title": "EasyPrivacy",
		"group": "privacy",
		"homeURL": "https://easylist.to/easylist/easyprivacy.txt",
		"supportURL": "https://forums.lanik.us/"
	},
	"http://adgitated.com/filters/fanboy-annoyance.txt": {
		"off": true,
		"title": "Fanboy’s Annoyance List",
		"group": "social",
		"supportURL": "https://forums.lanik.us/"
	},
	"http://adgitated.com/filters/fanboy-social.txt": {
		"off": true,
		"title": "Fanboy’s Social Blocking List",
		"group": "social",
		"supportURL": "https://forums.lanik.us/"
	},
	"http://adgitated.com/filters/liste_fr.txt": {
		"off": true,
		"title": "FRA: EasyList Liste FR",
		"group": "regions",
		"lang": "fr",
		"supportURL": "https://forums.lanik.us/viewforum.php?f=91"
	},
	"http://adgitated.com/filters/latvian-list.txt": {
		"off": true,
		"title": "LVA: Latvian List",
		"group": "regions",
		"lang": "lv",
		"supportURL": "https://notabug.org/latvian-list/adblock-latvian"
	},
	"http://adgitated.com/filters/.%5Cad_servers.txt": {
		"off": true,
		"title": "hpHosts’ Ad and tracking servers",
		"group": "multipurpose",
		"supportURL": "http://hosts-file.net/"
	},
	"http://adgitated.com/filters/list.txt": {
		"off": true,
		"title": "EST: Eesti saitidele kohandatud filter",
		"group": "regions",
		"lang": "et",
		"supportURL": "http://adblock.ee/"
	},
	"http://adgitated.com/filters/simple_malvertising.txt": {
		"off": true,
		"title": "Malvertising filter list by Disconnect",
		"group": "malware"
	},
	"http://adgitated.com/filters/simple_tracking.txt": {
		"off": true,
		"title": "Basic tracking list by Disconnect",
		"group": "privacy"
	},
	"http://adgitated.com/filters/adblock_polish.txt": {
		"off": true,
		"title": "POL: polskie filtry do Adblocka i uBlocka",
		"group": "regions",
		"lang": "pl",
		"supportURL": "http://www.certyficate.it/adblock-ublock-polish-filters/"
	},
	"http://adgitated.com/filters/antiadblockfilters.txt": {
		"off": true,
		"title": "Adblock Warning Removal List",
		"group": "ads",
		"supportURL": "https://forums.lanik.us/"
	},
	"http://adgitated.com/filters/Finland_adb.txt": {
		"off": true,
		"title": "FIN: Finnish Addition to Easylist",
		"group": "regions",
		"lang": "fi",
		"supportURL": "http://www.juvander.fi/AdblockFinland"
	},
	"http://adgitated.com/filters/filter_korea.txt": {
		"off": true,
		"title": "KOR: Korean Adblock List",
		"group": "regions",
		"lang": "ko",
		"supportURL": "https://github.com/gfmaster/adblock-korea-contrib"
	},
	"http://adgitated.com/filters/abpindo_indonesian.txt": {
		"off": true,
		"title": "IDN: ABPindo",
		"group": "regions",
		"lang": "id",
		"supportURL": "https://github.com/heradhis/indonesianadblockrules"
	},
	"http://adgitated.com/filters/abpjf_japanese.txt": {
		"off": true,
		"title": "JPN: ABP Japanese filters (日本用フィルタ)",
		"group": "regions",
		"lang": "ja",
		"supportURL": "https://github.com/k2jp/abp-japanese-filters/wiki/Support_Policy"
	},
	"http://adgitated.com/filters/obtrusive.txt": {
		"off": true,
		"title": "EU: Prebake - Filter Obtrusive Cookie Notices",
		"group": "regions",
		"supportURL": "https://github.com/liamja/Prebake"
	},
	"http://adgitated.com/filters/youslist.txt": {
		"off": true,
		"title": "KOR: YousList",
		"group": "regions",
		"lang": "ko",
		"supportURL": "https://github.com/yous/YousList"
	},
	"http://adgitated.com/filters/Liste_AR.txt": {
		"off": true,
		"title": "ara: Liste AR",
		"group": "regions",
		"lang": "ar",
		"supportURL": "https://forums.lanik.us/viewforum.php?f=98"
	},
	"http://adgitated.com/filters/easylistlithuania.txt": {
		"off": true,
		"title": "LTU: Adblock Plus Lithuania",
		"group": "regions",
		"lang": "lt",
		"supportURL": "http://margevicius.lt/easylist_lithuania/"
	},
	"http://adgitated.com/filters/immortal_domains.txt": {
		"off": false,
		"title": "Malware domains (long-lived)",
		"group": "malware",
		"supportURL": "http://www.malwaredomains.com/"
	},
	"http://adgitated.com/filters/justdomains": {
		"title": "Malware domains",
		"group": "malware",
		"homeURL": "https://mirror.cedia.org.ec/malwaredomains/justdomains",
		"supportURL": "http://www.malwaredomains.com/"
	},
	"pgl.yoyo.org/as/serverlist": {
		"title": "Peter Lowe’s Ad server list",
		"group": "ads",
		"homeURL": "https://pgl.yoyo.org/adservers/serverlist.php?hostformat=hosts&showintro=1&mimetype=plaintext",
		"supportURL": "https://pgl.yoyo.org/adservers/"
	},
	"https://raw.githubusercontent.com/easylist/EasyListHebrew/master/EasyListHebrew.txt": {
		"off": true,
		"title": "ISR: EasyList Hebrew",
		"group": "regions",
		"lang": "he",
		"supportURL": "https://github.com/easylist/EasyListHebrew"
	},
	"https://raw.githubusercontent.com/reek/anti-adblock-killer/master/anti-adblock-killer-filters.txt": {
		"off": true,
		"title": "Anti-Adblock Killer | Reek",
		"group": "ads",
		"supportURL": "https://github.com/reek/anti-adblock-killer",
		"instructionURL": "https://github.com/reek/anti-adblock-killer#instruction"
	},
	"https://raw.githubusercontent.com/szpeter80/hufilter/master/hufilter.txt": {
		"off": true,
		"title": "HUN: hufilter",
		"group": "regions",
		"lang": "hu",
		"supportURL": "https://github.com/szpeter80/hufilter"
	},
	"https://raw.githubusercontent.com/tomasko126/easylistczechandslovak/master/filters.txt": {
		"off": true,
		"title": "CZE, SVK: EasyList Czech and Slovak",
		"group": "regions",
		"lang": "cs",
		"supportURL": "https://github.com/tomasko126/easylistczechandslovak"
	},
	"http://someonewhocares.org/hosts/hosts": {
		"off": true,
		"title": "Dan Pollock’s hosts file",
		"group": "multipurpose",
		"supportURL": "http://someonewhocares.org/hosts/"
	},
	"https://raw.githubusercontent.com/Dawsey21/Lists/master/adblock-list.txt": {
		"off": true,
		"title": "Spam404",
		"group": "malware",
		"supportURL": "http://www.spam404.com/"
	},
	"http://stanev.org/abp/adblock_bg.txt": {
		"off": true,
		"title": "BGR: Bulgarian Adblock list",
		"group": "regions",
		"lang": "bg",
		"supportURL": "http://stanev.org/abp/"
	},
	"http://winhelp2002.mvps.org/hosts.txt": {
		"off": true,
		"title": "MVPS HOSTS",
		"group": "multipurpose",
		"supportURL": "http://winhelp2002.mvps.org/"
	},
	"https://www.fanboy.co.nz/enhancedstats.txt": {
		"off": true,
		"title": "Fanboy’s Enhanced Tracking List",
		"group": "privacy",
		"supportURL": "https://forums.lanik.us/"
	},
	"https://www.fanboy.co.nz/fanboy-antifacebook.txt": {
		"off": true,
		"title": "Anti-ThirdpartySocial (see warning inside list)",
		"group": "social",
		"supportURL": "https://forums.lanik.us/"
	},
	"https://www.fanboy.co.nz/fanboy-korean.txt": {
		"off": true,
		"title": "KOR: Fanboy's Korean",
		"group": "regions",
		"supportURL": "https://forums.lanik.us/"
	},
	"https://easylist-downloads.adblockplus.org/easylistspanish.txt": {
		"off": true,
		"title": "spa: EasyList Spanish",
		"group": "regions",
		"lang": "es",
		"supportURL": "https://forums.lanik.us/viewforum.php?f=103"
	},
	"https://www.fanboy.co.nz/fanboy-swedish.txt": {
		"off": true,
		"title": "SWE: Fanboy's Swedish",
		"group": "regions",
		"lang": "sv",
		"supportURL": "https://forums.lanik.us/"
	},
	"https://www.fanboy.co.nz/r/fanboy-ultimate.txt": {
		"off": true,
		"title": "Fanboy+Easylist-Merged Ultimate List",
		"group": "multipurpose",
		"supportURL": "https://forums.lanik.us/"
	},
	"https://adguard.com/filter-rules.html?id=13": {
		"off": true,
		"title": "TUR: Adguard Turkish Filter",
		"group": "regions",
		"lang": "tr",
		"supportURL": "http://forum.adguard.com/forumdisplay.php?51-Filter-Rules"
	},
	"https://www.fanboy.co.nz/fanboy-vietnam.txt": {
		"off": true,
		"title": "VIE: Fanboy's Vietnamese",
		"group": "regions",
		"lang": "vi",
		"supportURL": "https://forums.lanik.us/"
	},
	"www.malwaredomainlist.com/hostslist/hosts.txt": {
		"title": "Malware Domain List",
		"group": "malware",
		"homeURL": "https://www.malwaredomainlist.com/hostslist/hosts.txt"
	},
	"https://www.void.gr/kargig/void-gr-filters.txt": {
		"off": true,
		"title": "GRC: Greek AdBlock Filter",
		"group": "regions",
		"lang": "el",
		"supportURL": "https://github.com/kargig/greek-adblockplus-filter"
	},
	"https://raw.githubusercontent.com/betterwebleon/slovenian-list/master/filters.txt": {
		"off": true,
		"title": "SVN: Slovenian List",
		"group": "regions",
		"lang": "sl",
		"supportURL": "https://github.com/betterwebleon/slovenian-list"
	}
}





